method,out_of_envelope_index,v_test_over_v_pred,d_hi
ML,0,2.018119550258542,325.25
ML,1,0.9965881724443029,325.25
ML,2,1.5890598424661824,325.25
ML,3,1.0631161177708643,325.25
ML,4,1.0955810824507402,325.25
ML,5,1.9277644120693724,325.25
ML,6,2.6989754268788615,325.25
ML,7,1.4532954296808376,325.25
ML,8,1.8792734384909724,325.25
ML,9,1.2632502474994163,325.25
ML,10,0.8690065571096482,325.25
ML,11,0.7671162730742442,325.25
ML,12,1.1238287131380844,325.25
ML,13,1.3077279571061347,325.25
ML,14,0.891421811209912,325.25
ML,15,0.9536140305966501,325.25
ML,16,1.8942000290801486,325.25
ML,17,2.2578403580818383,325.25
ML,18,2.5154221970795207,325.25
ML,19,1.8341406219566854,325.25
ML,20,1.591004495634277,325.25
ML,21,2.834289605575233,325.25
ML,22,1.1200890730814568,325.25
ML,23,0.8374703620022488,325.25
ML,24,0.6744778437423548,325.25
ML,25,0.7408384223465676,325.25
ML,26,0.9052406306969778,325.25
ML,27,0.9260326713230111,325.25
ML,28,0.8227262737908634,325.25
ML,29,0.772429560218389,325.25
ML,30,0.8253111882627242,325.25
ML,31,0.9273744638466055,325.25
ML,32,0.8953743933668135,325.25
ML,33,1.08511764066825,325.25
ML,34,1.904746744049684,325.25
ML,35,2.3896583936488627,325.25
ML,36,1.090645488779567,325.25
ML,37,2.520472290012555,325.25
ML,38,1.1285402282167174,325.25
ML,39,0.9718404202670791,325.25
ML,40,1.4601767116954314,325.25
ML,41,1.7715029531344937,325.25
ML,42,1.3156255610338792,325.25
ML,43,2.2927378733945667,325.25
ML,44,1.8379492240820614,325.25
ML,45,1.639929455813681,325.25
ML,46,1.249906359528669,325.25
ML,47,1.1856783051595263,325.25
ML,48,1.1275562128450702,325.25
ML,49,2.5578642966628093,325.25
ML,50,1.1465720643921669,325.25
ML,51,2.621456218282998,325.25
ML,52,2.8851020157739637,325.25
ML,53,2.4432876245112234,325.25
ML,54,1.5785680367930122,325.25
ML,55,1.8745081476261132,325.25
ML,56,2.3829261110934965,325.25
ML,57,3.9991735911463544,325.25
ML,58,4.388947948891238,325.25
ML,59,4.282635834268268,325.25
ML,60,3.5378951206453846,325.25
ML,61,5.830678610379332,325.25
ML,62,3.6502506998402726,325.25
ML,63,6.037836063257809,325.25
ML,64,2.5081332662703812,325.25
ACI440,0,1.7012316653635484,325.25
ACI440,1,1.6818232935889474,325.25
ACI440,2,1.7501962581019912,325.25
ACI440,3,2.278822539987189,325.25
ACI440,4,1.4653893903886057,325.25
ACI440,5,2.2410857851018746,325.25
ACI440,6,2.054643079559234,325.25
ACI440,7,1.8898151582810172,325.25
ACI440,8,1.8334860038341245,325.25
ACI440,9,1.8801010275759633,325.25
ACI440,10,2.1297379688452316,325.25
ACI440,11,1.880027992791225,325.25
ACI440,12,3.052053872371797,325.25
ACI440,13,3.551480869669,325.25
ACI440,14,1.86235715658846,325.25
ACI440,15,1.9922890512341664,325.25
ACI440,16,1.726469468522586,325.25
ACI440,17,1.579515279306843,325.25
ACI440,18,1.82222157957989,325.25
ACI440,19,1.7330798032700694,325.25
ACI440,20,1.5765749499657717,325.25
ACI440,21,1.9174268438895539,325.25
ACI440,22,1.639680881060885,325.25
ACI440,23,1.5517723477886884,325.25
ACI440,24,2.040497479036132,325.25
ACI440,25,1.6261387981100215,325.25
ACI440,26,1.3304391255029828,325.25
ACI440,27,1.525437786879403,325.25
ACI440,28,1.3199236366172393,325.25
ACI440,29,1.3879580331319992,325.25
ACI440,30,1.5236427649821631,325.25
ACI440,31,1.1989337931395603,325.25
ACI440,32,1.111738608183956,325.25
ACI440,33,1.351525366811868,325.25
ACI440,34,1.1281140100683729,325.25
ACI440,35,1.4467397292479502,325.25
ACI440,36,1.8758723484687811,325.25
ACI440,37,1.8183681923501755,325.25
ACI440,38,2.2300653332028264,325.25
ACI440,39,1.9398940902402046,325.25
ACI440,40,1.7833633300253393,325.25
ACI440,41,1.6775161233266846,325.25
ACI440,42,1.3201196327861568,325.25
ACI440,43,1.3178229103626844,325.25
ACI440,44,1.9623235278156597,325.25
ACI440,45,1.308656173655667,325.25
ACI440,46,2.4319650258723304,325.25
ACI440,47,1.3322089508030506,325.25
ACI440,48,1.752729253199654,325.25
ACI440,49,1.769760349103488,325.25
ACI440,50,1.224534548171284,325.25
ACI440,51,1.405129548424216,325.25
ACI440,52,1.506124781376441,325.25
ACI440,53,1.603074218978833,325.25
ACI440,54,1.5426723175210006,325.25
ACI440,55,1.3880579073846644,325.25
ACI440,56,1.2319175911339695,325.25
ACI440,57,1.1690721037542349,325.25
ACI440,58,1.4237820891852677,325.25
ACI440,59,1.3690014911966675,325.25
ACI440,60,1.361705355031922,325.25
ACI440,61,2.2505721042130697,325.25
ACI440,62,1.3895021488275598,325.25
ACI440,63,2.2983589002619387,325.25
ACI440,64,1.1452386779131294,325.25
